{"uid": "172351051", "handle": "dtyser", "matches": ["5513239_1749106291_1309083_11001_12", "5513290_1749106924_1101005_11001_12", "5513291_1749185768_1217024_11001_12", "5513797_1749108993_1170043_11001_12", "5514584_1748764221_1240349_11001_12", "5517254_1749189841_1170306_11001_12", "5517286_1749107556_1286474_11001_12", "5517342_1749105544_1032033_11001_11", "5517576_1749104962_1201551_11001_11", "5517596_1749178580_1034540_11001_11", "5517813_1749104179_1201221_11001_11", "5517832_1749182108_1240030_11001_11", "5517855_1749108289_1235652_11001_11", "5517946_1749186268_1286632_11001_11", "5518126_1749185142_1287247_11001_11", "5518138_1749180119_1101391_11001_11", "5518351_1749177896_1148289_11001_11", "5518353_1749181680_1032351_11001_11", "5518378_1749103697_1148343_11001_11", "5518403_1749179377_1240252_11001_11", "5518413_1748836006_1217434_11001_11", "5518459_1749180797_1286234_11001_11", "5521347_1748758108_1286869_11001_11"], "heroes": {"Mantis": {"name": null, "type": null, "damage": 0, "heals": 0, "taken": 0, "time": 0, "deaths": 0, "kos": 0, "assists": 0, "matches": [], "mvps": 0, "svps": 0}, "Jeff": {"name": null, "type": null, "damage": 0, "heals": 0, "taken": 0, "time": 0, "deaths": 0, "kos": 0, "assists": 0, "matches": [], "mvps": 0, "svps": 0}, "AdamWarlock": {"name": null, "type": null, "damage": 0, "heals": 0, "taken": 0, "time": 0, "deaths": 0, "kos": 0, "assists": 0, "matches": [], "mvps": 0, "svps": 0}, "CloakDagger": {"name": null, "type": null, "damage": 6397.059828996658, "heals": 27332.90854740143, "taken": 6857.34593296051, "time": 815.2811241466552, "deaths": 5, "kos": 11, "assists": 37, "matches": ["5517855_1749108289_1235652_11001_11", "5518413_1748836006_1217434_11001_11", "5518459_1749180797_1286234_11001_11"], "mvps": 0, "svps": 0}, "InvisibleWoman": {"name": null, "type": null, "damage": 0, "heals": 0, "taken": 0, "time": 0, "deaths": 0, "kos": 0, "assists": 0, "matches": [], "mvps": 0, "svps": 0}, "Loki": {"name": null, "type": null, "damage": 5152.457327842712, "heals": 7118.5293979644775, "taken": 2416.61683177948, "time": 1027.1984879020602, "deaths": 6, "kos": 18, "assists": 22, "matches": ["5513291_1749185768_1217024_11001_12", "5517855_1749108289_1235652_11001_11", "5518126_1749185142_1287247_11001_11", "5518413_1748836006_1217434_11001_11"], "mvps": 0, "svps": 0}, "LunaSnow": {"name": null, "type": null, "damage": 16443.650568962097, "heals": 50566.316606901586, "taken": 20601.28909778595, "time": 1617.9480232559144, "deaths": 12, "kos": 15, "assists": 28, "matches": ["5513239_1749106291_1309083_11001_12", "5513290_1749106924_1101005_11001_12", "5517813_1749104179_1201221_11001_11"], "mvps": 0, "svps": 0}, "RocketRaccoon": {"name": null, "type": null, "damage": 0, "heals": 0, "taken": 0, "time": 33.80180492065847, "deaths": 0, "kos": 0, "assists": 2, "matches": ["5521347_1748758108_1286869_11001_11"], "mvps": 0, "svps": 0}, "Wolverine": {"name": null, "type": null, "damage": 0, "heals": 0, "taken": 0, "time": 0, "deaths": 0, "kos": 0, "assists": 0, "matches": [], "mvps": 0, "svps": 0}, "WinterSoldier": {"name": null, "type": null, "damage": 22370.688776016235, "heals": 0, "taken": 15300.231909513474, "time": 1385.161875538528, "deaths": 7, "kos": 49, "assists": 36, "matches": ["5513797_1749108993_1170043_11001_12", "5517286_1749107556_1286474_11001_12", "5517576_1749104962_1201551_11001_11"], "mvps": 0, "svps": 0}, "Punisher": {"name": null, "type": null, "damage": 0, "heals": 0, "taken": 0, "time": 0, "deaths": 0, "kos": 0, "assists": 0, "matches": [], "mvps": 0, "svps": 0}, "Storm": {"name": null, "type": null, "damage": 0, "heals": 0, "taken": 0, "time": 0, "deaths": 0, "kos": 0, "assists": 0, "matches": [], "mvps": 0, "svps": 0}, "StarLord": {"name": null, "type": null, "damage": 0, "heals": 0, "taken": 0, "time": 0, "deaths": 0, "kos": 0, "assists": 0, "matches": [], "mvps": 0, "svps": 0}, "SquirrelGirl": {"name": null, "type": null, "damage": 0, "heals": 0, "taken": 0, "time": 0, "deaths": 0, "kos": 0, "assists": 0, "matches": [], "mvps": 0, "svps": 0}, "SpiderMan": {"name": null, "type": null, "damage": 0, "heals": 0, "taken": 0, "time": 0, "deaths": 0, "kos": 0, "assists": 0, "matches": [], "mvps": 0, "svps": 0}, "ScarletWitch": {"name": null, "type": null, "damage": 0, "heals": 0, "taken": 0, "time": 0, "deaths": 0, "kos": 0, "assists": 0, "matches": [], "mvps": 0, "svps": 0}, "Psylocke": {"name": null, "type": null, "damage": 0, "heals": 0, "taken": 0, "time": 0, "deaths": 0, "kos": 0, "assists": 0, "matches": [], "mvps": 0, "svps": 0}, "Namor": {"name": null, "type": null, "damage": 0, "heals": 0, "taken": 0, "time": 149.12087033130229, "deaths": 3, "kos": 1, "assists": 0, "matches": ["5521347_1748758108_1286869_11001_11"], "mvps": 0, "svps": 0}, "MoonKnight": {"name": null, "type": null, "damage": 0, "heals": 0, "taken": 0, "time": 342.1013283561915, "deaths": 6, "kos": 4, "assists": 0, "matches": ["5518403_1749179377_1240252_11001_11", "5521347_1748758108_1286869_11001_11"], "mvps": 0, "svps": 0}, "MisterFantastic": {"name": null, "type": null, "damage": 12138.163293838501, "heals": 0, "taken": 16574.90404176712, "time": 776.1572240032256, "deaths": 5, "kos": 18, "assists": 8, "matches": ["5517254_1749189841_1170306_11001_12"], "mvps": 0, "svps": 0}, "Magik": {"name": null, "type": null, "damage": 0, "heals": 0, "taken": 0, "time": 0, "deaths": 0, "kos": 0, "assists": 0, "matches": [], "mvps": 0, "svps": 0}, "IronMan": {"name": null, "type": null, "damage": 8080.834398269653, "heals": 0, "taken": 7222.889854431152, "time": 620.611966477707, "deaths": 5, "kos": 8, "assists": 0, "matches": ["5517342_1749105544_1032033_11001_11"], "mvps": 0, "svps": 0}, "IronFist": {"name": null, "type": null, "damage": 0, "heals": 0, "taken": 0, "time": 0, "deaths": 0, "kos": 0, "assists": 0, "matches": [], "mvps": 0, "svps": 0}, "HumanTorch": {"name": null, "type": null, "damage": 0, "heals": 0, "taken": 0, "time": 0, "deaths": 0, "kos": 0, "assists": 0, "matches": [], "mvps": 0, "svps": 0}, "Hela": {"name": null, "type": null, "damage": 0, "heals": 0, "taken": 0, "time": 0, "deaths": 0, "kos": 0, "assists": 0, "matches": [], "mvps": 0, "svps": 0}, "Hawkeye": {"name": null, "type": null, "damage": 0, "heals": 0, "taken": 0, "time": 0, "deaths": 0, "kos": 0, "assists": 0, "matches": [], "mvps": 0, "svps": 0}, "BlackWidow": {"name": null, "type": null, "damage": 31150.444116592407, "heals": 0, "taken": 18208.417875289917, "time": 1390.0093252751976, "deaths": 10, "kos": 29, "assists": 2, "matches": ["5513291_1749185768_1217024_11001_12", "5517832_1749182108_1240030_11001_11", "5518351_1749177896_1148289_11001_11", "5518353_1749181680_1032351_11001_11"], "mvps": 0, "svps": 0}, "BlackPanther": {"name": null, "type": null, "damage": 0, "heals": 0, "taken": 0, "time": 0, "deaths": 0, "kos": 0, "assists": 0, "matches": [], "mvps": 0, "svps": 0}, "Venom": {"name": null, "type": null, "damage": 0, "heals": 0, "taken": 0, "time": 0, "deaths": 0, "kos": 0, "assists": 0, "matches": [], "mvps": 0, "svps": 0}, "Thor": {"name": null, "type": null, "damage": 0, "heals": 0, "taken": 0, "time": 0, "deaths": 0, "kos": 0, "assists": 0, "matches": [], "mvps": 0, "svps": 0}, "TheThing": {"name": null, "type": null, "damage": 0, "heals": 0, "taken": 0, "time": 0, "deaths": 0, "kos": 0, "assists": 0, "matches": [], "mvps": 0, "svps": 0}, "PeniParker": {"name": null, "type": null, "damage": 12788.0931930542, "heals": 1446.7081298828125, "taken": 26518.106308221817, "time": 1338.1353651322424, "deaths": 6, "kos": 27, "assists": 3, "matches": ["5517286_1749107556_1286474_11001_12", "5517946_1749186268_1286632_11001_11", "5518138_1749180119_1101391_11001_11", "5518403_1749179377_1240252_11001_11"], "mvps": 0, "svps": 0}, "Magneto": {"name": null, "type": null, "damage": 9549.136316299438, "heals": 0, "taken": 23350.07587146759, "time": 533.221766103059, "deaths": 3, "kos": 12, "assists": 1,