{"uid": "172351051", "handle": "dtyser", "matches": ["5513246_1744911706_1148202_11001_12", "5513281_1744916629_1170284_11001_12", "5513286_1744860599_1217111_11001_12", "5513297_1744940760_1101261_11001_12", "5513410_1744946306_1034160_11001_12", "5513474_1745030995_1287109_11001_12", "5513497_1744916164_1032097_11001_12", "5513500_1745036233_1240239_11001_12", "5513583_1744917424_1287328_11001_12", "5513687_1744918574_1034224_11001_12", "5513782_1744939354_1309307_11001_12", "5513804_1744915543_1309135_11001_12", "5513816_1744908085_1240123_11001_12", "5513842_1744908532_1309179_11001_12", "5513885_1744912547_1235137_11001_12", "5513898_1744910907_1034141_11001_12", "5513971_1744948092_1235398_11001_12", "5514085_1744913651_1101130_11001_12", "5514092_1744909489_1032058_11001_12", "5514226_1745041659_1170184_11001_12", "5514375_1745030343_1148601_11001_12", "5514490_1745033738_1309425_11001_12", "5514635_1745039413_1287407_11001_12", "5514788_1744861908_1201393_11001_12", "5514792_1745035422_1034709_11001_12", "5514910_1745029560_1240452_11001_12", "5514919_1744950220_1170413_11001_12", "5515058_1745040156_1240524_11001_12", "5515096_1745042575_1101676_11001_12", "5515153_1744945801_1032255_11001_12", "5515182_1745033066_1032492_11001_12", "5515239_1744948721_1240300_11001_12", "5517314_1744952305_1170479_11001_11", "5517322_1745037745_1101353_11001_11", "5517366_1744953671_1032684_11001_11", "5517456_1745038775_1034040_11001_11", "5517477_1744919434_1235034_11001_11", "5517496_1744914458_1201214_11001_11", "5517609_1744910239_1101003_11001_11", "5517662_1744906902_1034110_11001_11", "5517856_1745032004_1201548_11001_11", "5518010_1744945205_1217434_11001_11", "5518106_1745037165_1032676_11001_11", "5518138_1744951038_1217161_11001_11", "5518182_1745043263_1240338_11001_11", "5518203_1744860178_1240343_11001_11", "5518262_1744683645_1032456_11001_11", "5518307_1744952946_1235538_11001_11", "5518309_1744949529_1101645_11001_11", "5518398_1744861098_1309321_11001_11", "5518454_1744940136_1217263_11001_11", "5518665_1744682025_1217211_11001_11", "5518698_1744684424_1170273_11001_11", "5518834_1745034748_1235169_11001_11", "5519090_1745040850_1309107_11001_11", "5519350_1744682447_1287039_11001_11"], "heroes": {"Mantis": {"name": null, "damage": 0, "heals": 0, "taken": 0, "time": 0, "deaths": 0, "kos": 0, "assists": 0, "matches": [], "mvps": 0, "svps": 0}, "Jeff": {"name": null, "damage": 10925.29529953003, "heals": 18261.793621063232, "taken": 54465.16098022461, "time": 2199.940392235294, "deaths": 14, "kos": 38, "assists": 77, "matches": ["5513297_1744940760_1101261_11001_12", "5513782_1744939354_1309307_11001_12", "5514375_1745030343_1148601_11001_12", "5515096_1745042575_1101676_11001_12", "5517609_1744910239_1101003_11001_11", "5518010_1744945205_1217434_11001_11"], "mvps": 0, "svps": 0}, "AdamWarlock": {"name": null, "damage": 21615.04707145691, "heals": 18690.336284965277, "taken": 53963.720081329346, "time": 2199.0282843802124, "deaths": 14, "kos": 77, "assists": 82, "matches": ["5513286_1744860599_1217111_11001_12", "5513687_1744918574_1034224_11001_12", "5513898_1744910907_1034141_11001_12", "5515153_1744945801_1032255_11001_12", "5517322_1745037745_1101353_11001_11"], "mvps": 0, "svps": 0}, "CloakDagger": {"name": null, "damage": 5776.051124572754, "heals": 6754.461145877838, "taken": 12895.858891010284, "time": 1353.8674488756806, "deaths": 14, "kos": 22, "assists": 26, "matches": ["5513842_1744908532_1309179_11001_12", "5514788_1744861908_1201393_11001_12", "5517322_1745037745_1101353_11001_11", "5519090_1745040850_1309107_11001_11"], "mvps": 0, "svps": 0}, "InvisibleWoman": {"name": null, "damage": 0, "heals": 0, "taken": 0, "time": 0, "deaths": 0, "kos": 0, "assists": 0, "matches": [], "mvps": 0, "svps": 0}, "Loki": {"name": null, "damage": 34761.83945226669, "heals": 30931.465362548828, "taken": 75907.47188436985, "time": 4701.813414871693, "deaths": 38, "kos": 107, "assists": 129, "matches": ["5513474_1745030995_1287109_11001_12", "5513500_1745036233_1240239_11001_12", "5513782_1744939354_1309307_11001_12", "5513842_1744908532_1309179_11001_12", "5514792_1745035422_1034709_11001_12", "5517609_1744910239_1101003_11001_11", "5518138_1744951038_1217161_11001_11", "5518182_1745043263_1240338_11001_11", "5518834_1745034748_1235169_11001_11"], "mvps": 0, "svps": 0}, "LunaSnow": {"name": null, "damage": 54511.73784160614, "heals": 70496.42269659042, "taken": 232191.14745860174, "time": 5749.206634866074, "deaths": 33, "kos": 101, "assists": 175, "matches": ["5513246_1744911706_1148202_11001_12", "5513410_1744946306_1034160_11001_12", "5513816_1744908085_1240123_11001_12", "5514910_1745029560_1240452_11001_12", "5515182_1745033066_1032492_11001_12", "5517366_1744953671_1032684_11001_11", "5517477_1744919434_1235034_11001_11", "5518454_1744940136_1217263_11001_11", "5518698_1744684424_1170273_11001_11", "5519350_1744682447_1287039_11001_11"], "mvps": 0, "svps": 0}, "RocketRaccoon": {"name": null, "damage": 0, "heals": 0, "taken": 0, "time": 0, "deaths": 0, "kos": 0, "assists": 0, "matches": [], "mvps": 0, "svps": 0}, "Wolverine": {"name": null, "damage": 0, "heals": 0, "taken": 0, "time": 0, "deaths": 0, "kos": 0, "assists": 0, "matches": [], "mvps": 0, "svps": 0}, "WinterSoldier": {"name": null, "damage": 37026.38989210129, "heals": 30096.59847187996, "taken": 0, "time": 2620.5973118115216, "deaths": 24, "kos": 60, "assists": 52, "matches": ["5514226_1745041659_1170184_11001_12", "5514788_1744861908_1201393_11001_12", "5514919_1744950220_1170413_11001_12", "5515239_1744948721_1240300_11001_12", "5517456_1745038775_1034040_11001_11", "5518309_1744949529_1101645_11001_11"], "mvps": 0, "svps": 0}, "Punisher": {"name": null, "damage": 0, "heals": 0, "taken": 0, "time": 0, "deaths": 0, "kos": 0, "assists": 0, "matches": [], "mvps": 0, "svps": 0}, "Storm": {"name": null, "damage": 0, "heals": 0, "taken": 0, "time": 0, "deaths": 0, "kos": 0, "assists": 0, "matches": [], "mvps": 0, "svps": 0}, "StarLord": {"name": null, "damage": 0, "heals": 0, "taken": 0, "time": 0, "deaths": 0, "kos": 0, "assists": 0, "matches": [], "mvps": 0, "svps": 0}, "SquirrelGirl": {"name": null, "damage": 0, "heals": 0, "taken": 0, "time": 0, "deaths": 0, "kos": 0, "assists": 0, "matches": [], "mvps": 0, "svps": 0}, "SpiderMan": {"name": null, "damage": 0, "heals": 0, "taken": 0, "time": 0, "deaths": 0, "kos": 0, "assists": 0, "matches": [], "mvps": 0, "svps": 0}, "ScarletWitch": {"name": null, "damage": 0, "heals": 0, "taken": 0, "time": 0, "deaths": 0, "kos": 0, "assists": 0, "matches": [], "mvps": 0, "svps": 0}, "Psylocke": {"name": null, "damage": 0, "heals": 0, "taken": 0, "time": 0, "deaths": 0, "kos": 0, "assists": 0, "matches": [], "mvps": 0, "svps": 0}, "Namor": {"name": null, "damage": 33634.67493772507, "heals": 11241.812985420227, "taken": 0, "time": 1639.839712433517, "deaths": 10, "kos": 76, "assists": 2, "matches": ["5513971_1744948092_1235398_11001_12", "5514085_1744913651_1101130_11001_12", "5514490_1745033738_1309425_11001_12", "5515239_1744948721_1240300_11001_12", "5517856_1745032004_1201548_11001_11"], "mvps": 0, "svps": 0}, "MoonKnight": {"name": null, "damage": 114370.12969195843, "heals": 40023.53162318468, "taken": 1129.6763305664062, "time": 5350.7112457137555, "deaths": 56, "kos": 202, "assists": 0, "matches": ["5513885_1744912547_1235137_11001_12", "5514085_1744913651_1101130_11001_12", "5514092_1744909489_1032058_11001_12", "5514490_1745033738_1309425_11001_12", "5514635_1745039413_1287407_11001_12", "5515058_1745040156_1240524_11001_12", "5517314_1744952305_1170479_11001_11", "5517662_1744906902_1034110_11001_11", "5518106_1745037165_1032676_11001_11", "5518262_1744683645_1032456_11001_11"], "mvps": 0, "svps": 0}, "MisterFantastic": {"name": null, "damage": 10267.647168159485, "heals": 10503.269782543182, "taken": 0, "time": 555.4961780048907, "deaths": 2, "kos": 27, "assists": 14, "matches": ["5518398_1744861098_1309321_11001_11"], "mvps": 0,