{"uid": "283485673", "handle": "KingDerp_", "matches": ["5513246_1744911706_1148202_11001_12", "5513286_1744860599_1217111_11001_12", "5513410_1744946306_1034160_11001_12", "5513474_1745030995_1287109_11001_12", "5513500_1745036233_1240239_11001_12", "5513816_1744908085_1240123_11001_12", "5513842_1744908532_1309179_11001_12", "5513885_1744912547_1235137_11001_12", "5513898_1744910907_1034141_11001_12", "5513971_1744948092_1235398_11001_12", "5514085_1744913651_1101130_11001_12", "5514092_1744909489_1032058_11001_12", "5514375_1745030343_1148601_11001_12", "5514490_1745033738_1309425_11001_12", "5514635_1745039413_1287407_11001_12", "5514788_1744861908_1201393_11001_12", "5514792_1745035422_1034709_11001_12", "5514910_1745029560_1240452_11001_12", "5514919_1744950220_1170413_11001_12", "5515153_1744945801_1032255_11001_12", "5515182_1745033066_1032492_11001_12", "5515239_1744948721_1240300_11001_12", "5517322_1745037745_1101353_11001_11", "5517456_1745038775_1034040_11001_11", "5517496_1744914458_1201214_11001_11", "5517609_1744910239_1101003_11001_11", "5517662_1744906902_1034110_11001_11", "5517856_1745032004_1201548_11001_11", "5518010_1744945205_1217434_11001_11", "5518106_1745037165_1032676_11001_11", "5518138_1744951038_1217161_11001_11", "5518203_1744860178_1240343_11001_11", "5518262_1744683645_1032456_11001_11", "5518309_1744949529_1101645_11001_11", "5518398_1744861098_1309321_11001_11", "5518493_1744680620_1240315_11001_11", "5518665_1744682025_1217211_11001_11", "5518698_1744684424_1170273_11001_11", "5518834_1745034748_1235169_11001_11", "5519350_1744682447_1287039_11001_11", "5521388_1744681371_1201011_11001_11"], "heroes": {"Mantis": {"name": null, "damage": 0, "heals": 0, "taken": 0, "time": 593.4610538259149, "deaths": 8, "kos": 5, "assists": 13, "matches": ["5514085_1744913651_1101130_11001_12"], "mvps": 0, "svps": 0}, "Jeff": {"name": null, "damage": 86826.12035655975, "heals": 93524.85017430782, "taken": 306468.1783103943, "time": 11529.584884230047, "deaths": 72, "kos": 158, "assists": 386, "matches": ["5513410_1744946306_1034160_11001_12", "5513816_1744908085_1240123_11001_12", "5513885_1744912547_1235137_11001_12", "5513971_1744948092_1235398_11001_12", "5514490_1745033738_1309425_11001_12", "5514788_1744861908_1201393_11001_12", "5514910_1745029560_1240452_11001_12", "5514919_1744950220_1170413_11001_12", "5515182_1745033066_1032492_11001_12", "5515239_1744948721_1240300_11001_12", "5517322_1745037745_1101353_11001_11", "5517456_1745038775_1034040_11001_11", "5517496_1744914458_1201214_11001_11", "5518106_1745037165_1032676_11001_11", "5518138_1744951038_1217161_11001_11", "5518203_1744860178_1240343_11001_11", "5518262_1744683645_1032456_11001_11", "5518398_1744861098_1309321_11001_11", "5518698_1744684424_1170273_11001_11", "5519350_1744682447_1287039_11001_11", "5521388_1744681371_1201011_11001_11"], "mvps": 0, "svps": 0}, "AdamWarlock": {"name": null, "damage": 0, "heals": 0, "taken": 0, "time": 0, "deaths": 0, "kos": 0, "assists": 0, "matches": [], "mvps": 0, "svps": 0}, "CloakDagger": {"name": null, "damage": 0, "heals": 0, "taken": 0, "time": 0, "deaths": 0, "kos": 0, "assists": 0, "matches": [], "mvps": 0, "svps": 0}, "InvisibleWoman": {"name": null, "damage": 2239.0500004291534, "heals": 5137.00359505415, "taken": 5271.449991226196, "time": 333.41952360235155, "deaths": 4, "kos": 9, "assists": 20, "matches": ["5515153_1744945801_1032255_11001_12"], "mvps": 0, "svps": 0}, "Loki": {"name": null, "damage": 0, "heals": 0, "taken": 0, "time": 57.315520053729415, "deaths": 1, "kos": 0, "assists": 0, "matches": ["5514085_1744913651_1101130_11001_12"], "mvps": 0, "svps": 0}, "LunaSnow": {"name": null, "damage": 0, "heals": 0, "taken": 0, "time": 0, "deaths": 0, "kos": 0, "assists": 0, "matches": [], "mvps": 0, "svps": 0}, "RocketRaccoon": {"name": null, "damage": 0, "heals": 0, "taken": 0, "time": 0, "deaths": 0, "kos": 0, "assists": 0, "matches": [], "mvps": 0, "svps": 0}, "Wolverine": {"name": null, "damage": 0, "heals": 0, "taken": 0, "time": 125.60472949780524, "deaths": 3, "kos": 0, "assists": 0, "matches": ["5513474_1745030995_1287109_11001_12"], "mvps": 0, "svps": 0}, "WinterSoldier": {"name": null, "damage": 0, "heals": 0, "taken": 0, "time": 0, "deaths": 0, "kos": 0, "assists": 0, "matches": [], "mvps": 0, "svps": 0}, "Punisher": {"name": null, "damage": 13197.341384887695, "heals": 9552.944766998291, "taken": 0, "time": 701.1378155071288, "deaths": 11, "kos": 19, "assists": 0, "matches": ["5513842_1744908532_1309179_11001_12", "5514792_1745035422_1034709_11001_12"], "mvps": 0, "svps": 0}, "Storm": {"name": null, "damage": 0, "heals": 0, "taken": 0, "time": 0, "deaths": 0, "kos": 0, "assists": 0, "matches": [], "mvps": 0, "svps": 0}, "StarLord": {"name": null, "damage": 0, "heals": 0, "taken": 0, "time": 209.18491658568382, "deaths": 5, "kos": 4, "assists": 0, "matches": ["5514092_1744909489_1032058_11001_12"], "mvps": 0, "svps": 0}, "SquirrelGirl": {"name": null, "damage": 15470.998376846313, "heals": 4813.1373500823975, "taken": 0, "time": 2474.604311382398, "deaths": 26, "kos": 92, "assists": 14, "matches": ["5513500_1745036233_1240239_11001_12", "5514092_1744909489_1032058_11001_12", "5514635_1745039413_1287407_11001_12", "5517662_1744906902_1034110_11001_11", "5518138_1744951038_1217161_11001_11", "5518834_1745034748_1235169_11001_11"], "mvps": 0, "svps": 0}, "SpiderMan": {"name": null, "damage": 0, "heals": 0, "taken": 0, "time": 0, "deaths": 0, "kos": 0, "assists": 0, "matches": [], "mvps": 0, "svps": 0}, "ScarletWitch": {"name": null, "damage": 8808.736548423767, "heals": 6398.53925037384, "taken": 0, "time": 748.2473047934473, "deaths": 11, "kos": 23, "assists": 0, "matches": ["5514792_1745035422_1034709_11001_12", "5517609_1744910239_1101003_11001_11"], "mvps": 0, "svps": 0}, "Psylocke": {"name": null, "damage": 0, "heals": 0, "taken": 0, "time": 127.04782029427588, "deaths": 3, "kos": 0, "assists": 0, "matches": ["5514792_1745035422_1034709_11001_12"], "mvps": 0, "svps": 0}, "Namor": {"name": null, "damage": 0, "heals": 0, "taken": 0, "time": 0, "deaths": 0, "kos": 0, "assists": 0, "matches": [], "mvps": 0, "svps": 0}, "MoonKnight": {"name": null, "damage": 0, "heals": 0, "taken": 0, "time": 0, "deaths": 0, "kos": 0, "assists": 0, "matches": [], "mvps": 0, "svps": 0}, "MisterFantastic": {"name": null, "damage": 0, "heals": 0, "taken": 0, "time": 0, "deaths": 0, "kos": 0, "assists": 0, "matches": [], "mvps": 0, "svps": 0}, "Magik": {"name": null, "damage": 0, "heals": 0, "taken": 0, "time": 0, "deaths": 0, "kos": 0, "assists": 0, "matches": [], "mvps": 0, "svps": 0}, "IronMan": {"name": null, "damage": 0, "heals": 0, "taken": 0, "time": 0, "deaths": 0, "kos": 0, "assists": 0, "matches": [], "mvps": 0, "svps": 0}, "IronFist": {"name": null, "damage": 0, "heals": 0, "taken": 0, "time": 0, "deaths": 0, "kos": 0, "assists": 0, "matches": [], "mvps": 0, "svps": 0}, "HumanTorch": {"name": null, "damage": 0, "heals": 0, "taken": 0, "time": 0, "deaths": 0, "kos": 0, "assists": 0, "matches": [], "mvps": 0, "svps": 0}, "Hela": {"name": null, "damage": 0, "heals": 0, "taken": 0, "time": 0, "deaths": 0, "kos": 0, "assists": 0, "matches": [], "mvps": 0, "svps": 0}, "Hawkeye": {"name": null, "damage": 0, "heals": 0, "taken": 0, "time": 426.1235824357718, "deaths": 7, "kos": 11, "assists": 1, "matches": ["5518493_1744680620_1240315_11001_11", "5518834_1745034748_1235169_11001_11"], "mvps": 0, "svps": 0}, "BlackWidow": {"name": null, "damage": 0, "heals": 0, "taken": 0, "time": 117.45623466745019, "deaths": 1, "kos": 1, "assists": 0, "matches": ["5517662_1744906902_1034110_11001_11"], "mvps": 0, "svps": 0}, "BlackPanther": {"name": null, "damage": 0, "heals": 0, "taken": 0, "time": 0, "deaths": 0, "kos": 0, "assists": 0, "matches": [], "mvps": 0, "svps": 0}, "Venom": {"name": null, "damage": 0, "heals": 0, "taken": 0, "time": 0, "deaths": 0, "kos": 0, "assists": 0, "matches": [], "mvps": 0, "svps": 0},