{"uid": "283485673", "handle": "KingDerp_", "matches": ["5517596_1749178580_1034540_11001_11", "5517832_1749182108_1240030_11001_11", "5518138_1749180119_1101391_11001_11", "5518351_1749177896_1148289_11001_11", "5518353_1749181680_1032351_11001_11", "5518403_1749179377_1240252_11001_11", "5518459_1749180797_1286234_11001_11", "5513275_1749530170_1309307_11001_12", "5513389_1749273448_1101087_11001_12", "5513680_1749529087_1034363_11001_12", "5513901_1749271121_1286749_11001_12", "5513998_1749440476_1287488_11001_12", "5514124_1749438840_1170478_11001_12", "5514406_1749436863_1034250_11001_12", "5514600_1749274237_1201448_11001_12", "5517290_1749526720_1286327_11001_12", "5517316_1749534092_1309823_11001_11", "5517321_1749434501_1148759_11001_11", "5517332_1749532456_1101126_11001_11", "5517445_1749528310_1240483_11001_11", "5517502_1749533562_1217129_11001_11", "5517627_1749437594_1235723_11001_11", "5517631_1749277054_1286430_11001_11", "5517739_1749276289_1235391_11001_11", "5517829_1749527374_1309534_11001_11", "5517898_1749435263_1287534_11001_11", "5517903_1749532034_1286664_11001_11", "5517943_1749439777_1170689_11001_11", "5517986_1749275732_1217545_11001_11", "5518025_1749270456_1309203_11001_11", "5518094_1749534742_1148574_11001_11", "5518143_1749532909_1034488_11001_11", "5518222_1749438283_1286427_11001_11", "5518245_1749436151_1217322_11001_11", "5518265_1749531563_1201313_11001_11", "5518389_1749272673_1032634_11001_11", "5518406_1749274855_1287574_11001_11", "5521350_1749529577_1101067_11001_11"], "heroes": {"Mantis": {"name": null, "type": null, "damage": 2491.999994277954, "heals": 6888.43897151947, "taken": 4117.315749645233, "time": 869.1093667503446, "deaths": 10, "kos": 14, "assists": 38, "matches": ["5514124_1749438840_1170478_11001_12", "5517829_1749527374_1309534_11001_11", "5518265_1749531563_1201313_11001_11"], "mvps": 0, "svps": 0}, "Jeff": {"name": null, "type": null, "damage": 68670.4850422144, "heals": 151021.3632311821, "taken": 40895.47134804726, "time": 5291.348549526185, "deaths": 41, "kos": 153, "assists": 171, "matches": ["5517832_1749182108_1240030_11001_11", "5518351_1749177896_1148289_11001_11", "5518353_1749181680_1032351_11001_11", "5513901_1749271121_1286749_11001_12", "5514406_1749436863_1034250_11001_12", "5514600_1749274237_1201448_11001_12", "5517290_1749526720_1286327_11001_12", "5517631_1749277054_1286430_11001_11", "5518025_1749270456_1309203_11001_11", "5518222_1749438283_1286427_11001_11", "5518389_1749272673_1032634_11001_11"], "mvps": 0, "svps": 0}, "AdamWarlock": {"name": null, "type": null, "damage": 0, "heals": 0, "taken": 0, "time": 0, "deaths": 0, "kos": 0, "assists": 0, "matches": [], "mvps": 0, "svps": 0}, "CloakDagger": {"name": null, "type": null, "damage": 0, "heals": 0, "taken": 0, "time": 0, "deaths": 0, "kos": 0, "assists": 0, "matches": [], "mvps": 0, "svps": 0}, "InvisibleWoman": {"name": null, "type": null, "damage": 0, "heals": 0, "taken": 0, "time": 0, "deaths": 0, "kos": 0, "assists": 0, "matches": [], "mvps": 0, "svps": 0}, "Loki": {"name": null, "type": null, "damage": 0, "heals": 0, "taken": 0, "time": 0, "deaths": 0, "kos": 0, "assists": 0, "matches": [], "mvps": 0, "svps": 0}, "LunaSnow": {"name": null, "type": null, "damage": 0, "heals": 0, "taken": 0, "time": 0, "deaths": 0, "kos": 0, "assists": 0, "matches": [], "mvps": 0, "svps": 0}, "RocketRaccoon": {"name": null, "type": null, "damage": 0, "heals": 0, "taken": 0, "time": 0, "deaths": 0, "kos": 0, "assists": 0, "matches": [], "mvps": 0, "svps": 0}, "Wolverine": {"name": null, "type": null, "damage": 0, "heals": 0, "taken": 0, "time": 0, "deaths": 0, "kos": 0, "assists": 0, "matches": [], "mvps": 0, "svps": 0}, "WinterSoldier": {"name": null, "type": null, "damage": 0, "heals": 0, "taken": 0, "time": 0, "deaths": 0, "kos": 0, "assists": 0, "matches": [], "mvps": 0, "svps": 0}, "Punisher": {"name": null, "type": null, "damage": 0, "heals": 0, "taken": 0, "time": 0, "deaths": 0, "kos": 0, "assists": 0, "matches": [], "mvps": 0, "svps": 0}, "Storm": {"name": null, "type": null, "damage": 0, "heals": 0, "taken": 0, "time": 0, "deaths": 0, "kos": 0, "assists": 0, "matches": [], "mvps": 0, "svps": 0}, "StarLord": {"name": null, "type": null, "damage": 0, "heals": 0, "taken": 0, "time": 0, "deaths": 0, "kos": 0, "assists": 0, "matches": [], "mvps": 0, "svps": 0}, "SquirrelGirl": {"name": null, "type": null, "damage": 40977.53600311279, "heals": 0, "taken": 11845.521000862122, "time": 2314.0613343734294, "deaths": 18, "kos": 62, "assists": 16, "matches": ["5518403_1749179377_1240252_11001_11", "5518459_1749180797_1286234_11001_11", "5513998_1749440476_1287488_11001_12", "5517445_1749528310_1240483_11001_11", "5517627_1749437594_1235723_11001_11", "5517829_1749527374_1309534_11001_11"], "mvps": 0, "svps": 0}, "SpiderMan": {"name": null, "type": null, "damage": 0, "heals": 0, "taken": 0, "time": 0, "deaths": 0, "kos": 0, "assists": 0, "matches": [], "mvps": 0, "svps": 0}, "ScarletWitch": {"name": null, "type": null, "damage": 123529.95721459389, "heals": 0, "taken": 55168.94884252548, "time": 5222.7988434024155, "deaths": 55, "kos": 183, "assists": 3, "matches": ["5517596_1749178580_1034540_11001_11", "5513275_1749530170_1309307_11001_12", "5513389_1749273448_1101087_11001_12", "5517316_1749534092_1309823_11001_11", "5517332_1749532456_1101126_11001_11", "5517502_1749533562_1217129_11001_11", "5517898_1749435263_1287534_11001_11", "5517986_1749275732_1217545_11001_11", "5518094_1749534742_1148574_11001_11", "5518245_1749436151_1217322_11001_11"], "mvps": 0, "svps": 0}, "Psylocke": {"name": null, "type": null, "damage": 0, "heals": 0, "taken": 0, "time": 244.11147846840322, "deaths": 3, "kos": 3, "assists": 0, "matches": ["5513998_1749440476_1287488_11001_12"], "mvps": 0, "svps": 0}, "Namor": {"name": null, "type": null, "damage": 0, "heals": 0, "taken": 0, "time": 0, "deaths": 0, "kos": 0, "assists": 0, "matches": [], "mvps": 0, "svps": 0}, "MoonKnight": {"name": null, "type": null, "damage": 0, "heals": 0, "taken": 0, "time": 0, "deaths": 0, "kos": 0, "assists": 0, "matches": [], "mvps": 0, "svps": 0}, "MisterFantastic": {"name": null, "type": null, "damage": 0, "heals": 0, "taken": 0, "time": 0, "deaths": 0, "kos": 0, "assists": 0, "matches": [], "mvps": 0, "svps": 0}, "Magik": {"name": null, "type": null, "damage": 0, "heals": 0, "taken": 0, "time": 0, "deaths": 0, "kos": 0, "assists": 0, "matches": [], "mvps": 0, "svps": 0}, "IronMan": {"name": null, "type": null, "damage": 0, "heals": 0, "taken": 0, "time": 224.15463886782527, "deaths": 5, "kos": 3, "assists": 0, "matches": ["5518459_1749180797_1286234_11001_11"], "mvps": 0, "svps": 0}, "IronFist": {"name": null, "type": null, "damage": 0, "heals": 0, "taken": 0, "time": 0, "deaths": 0, "kos": 0, "assists": 0, "matches": [], "mvps": 0, "svps": 0}, "HumanTorch": {"name": null, "type": null, "damage": 0, "heals": 0, "taken": 0, "time": 0, "deaths": 0, "kos": 0, "assists": 0, "matches": [], "mvps": 0, "svps": 0}, "Hela": {"name": null, "type": null, "damage": 0, "heals": 0, "taken": 0, "time": 0, "deaths": 0, "kos": 0, "assists": 0, "matches": [], "mvps": 0, "svps": 0}, "Hawkeye": {"name": null, "type": null, "damage": 4932.701953887939, "heals": 0, "taken": 4890.030537605286, "time": 505.1361119225621, "deaths": 6, "kos": 12, "assists": 5, "matches": ["5517943_1749439777_1170689_11001_11"], "mvps": 0, "svps": 0}, "BlackWidow": {"name": null, "type": null, "damage": 0, "heals": 0, "taken": 0, "time": 0, "deaths": 0, "kos": 0, "assists": 0, "matches": [], "mvps": 0, "svps": 0}, "BlackPanther": {"name": null, "type": null, "damage": 0, "heals": 0, "taken": 0, "time": 0, "deaths": 0, "kos": 0, "assists": 0, "matches": [], "mvps": 0, "svps": 0}, "Venom": {"name": null, "type": null, "damage": 0, "heals": 0, "taken": 0, "time": 0, "deaths": 0, "kos": 0, "assists": 0, "matches": [], "mvps": 0, "svps": 0}, "Thor": {"name": null, "type": null, "damage": 0, "heals": 0, "taken": 0,