{"uid": "2136421725", "handle": "SockboiGamer", "matches": ["5513259_1745171886_1148067_11001_12", "5513286_1744860599_1217111_11001_12", "5513297_1744940760_1101261_11001_12", "5513410_1744946306_1034160_11001_12", "5513474_1745030995_1287109_11001_12", "5513500_1745036233_1240239_11001_12", "5513971_1744948092_1235398_11001_12", "5514226_1745041659_1170184_11001_12", "5514375_1745030343_1148601_11001_12", "5514490_1745033738_1309425_11001_12", "5514635_1745039413_1287407_11001_12", "5514788_1744861908_1201393_11001_12", "5514792_1745035422_1034709_11001_12", "5514910_1745029560_1240452_11001_12", "5514919_1744950220_1170413_11001_12", "5515058_1745040156_1240524_11001_12", "5515096_1745042575_1101676_11001_12", "5515153_1744945801_1032255_11001_12", "5515182_1745033066_1032492_11001_12", "5515239_1744948721_1240300_11001_12", "5517314_1744952305_1170479_11001_11", "5517322_1745037745_1101353_11001_11", "5517366_1744953671_1032684_11001_11", "5517456_1745038775_1034040_11001_11", "5517856_1745032004_1201548_11001_11", "5517981_1745172268_1217131_11001_11", "5518010_1744945205_1217434_11001_11", "5518106_1745037165_1032676_11001_11", "5518138_1744951038_1217161_11001_11", "5518182_1745043263_1240338_11001_11", "5518203_1744860178_1240343_11001_11", "5518307_1744952946_1235538_11001_11", "5518309_1744949529_1101645_11001_11", "5518398_1744861098_1309321_11001_11", "5518454_1744940136_1217263_11001_11", "5518834_1745034748_1235169_11001_11", "5519090_1745040850_1309107_11001_11"], "heroes": {"Mantis": {"name": null, "damage": 0, "heals": 0, "taken": 0, "time": 0, "deaths": 0, "kos": 0, "assists": 0, "matches": [], "mvps": 0, "svps": 0}, "Jeff": {"name": null, "damage": 0, "heals": 0, "taken": 0, "time": 0, "deaths": 0, "kos": 0, "assists": 0, "matches": [], "mvps": 0, "svps": 0}, "AdamWarlock": {"name": null, "damage": 0, "heals": 0, "taken": 0, "time": 79.0380825754255, "deaths": 2, "kos": 0, "assists": 0, "matches": ["5518307_1744952946_1235538_11001_11"], "mvps": 0, "svps": 0}, "CloakDagger": {"name": null, "damage": 0, "heals": 0, "taken": 0, "time": 88.34335092455149, "deaths": 1, "kos": 0, "assists": 0, "matches": ["5518203_1744860178_1240343_11001_11"], "mvps": 0, "svps": 0}, "InvisibleWoman": {"name": null, "damage": 0, "heals": 0, "taken": 0, "time": 133.59290984086692, "deaths": 1, "kos": 3, "assists": 2, "matches": ["5518307_1744952946_1235538_11001_11"], "mvps": 0, "svps": 0}, "Loki": {"name": null, "damage": 15603.870460033417, "heals": 8764.21453845501, "taken": 26164.32823073864, "time": 1345.712977109477, "deaths": 14, "kos": 37, "assists": 44, "matches": ["5515058_1745040156_1240524_11001_12", "5517314_1744952305_1170479_11001_11", "5518106_1745037165_1032676_11001_11"], "mvps": 0, "svps": 0}, "LunaSnow": {"name": null, "damage": 0, "heals": 0, "taken": 0, "time": 327.745278108865, "deaths": 2, "kos": 4, "assists": 8, "matches": ["5518307_1744952946_1235538_11001_11"], "mvps": 0, "svps": 0}, "RocketRaccoon": {"name": null, "damage": 0, "heals": 0, "taken": 0, "time": 216.80228601768613, "deaths": 1, "kos": 2, "assists": 5, "matches": ["5518138_1744951038_1217161_11001_11"], "mvps": 0, "svps": 0}, "Wolverine": {"name": null, "damage": 0, "heals": 0, "taken": 0, "time": 443.29791086167097, "deaths": 6, "kos": 8, "assists": 1, "matches": ["5514635_1745039413_1287407_11001_12"], "mvps": 0, "svps": 0}, "WinterSoldier": {"name": null, "damage": 0, "heals": 0, "taken": 0, "time": 299.47409664466977, "deaths": 8, "kos": 5, "assists": 1, "matches": ["5518203_1744860178_1240343_11001_11", "5518454_1744940136_1217263_11001_11"], "mvps": 0, "svps": 0}, "Punisher": {"name": null, "damage": 0, "heals": 0, "taken": 0, "time": 0, "deaths": 0, "kos": 0, "assists": 0, "matches": [], "mvps": 0, "svps": 0}, "Storm": {"name": null, "damage": 0, "heals": 0, "taken": 0, "time": 0, "deaths": 0, "kos": 0, "assists": 0, "matches": [], "mvps": 0, "svps": 0}, "StarLord": {"name": null, "damage": 0, "heals": 0, "taken": 0, "time": 0, "deaths": 0, "kos": 0, "assists": 0, "matches": [], "mvps": 0, "svps": 0}, "SquirrelGirl": {"name": null, "damage": 0, "heals": 0, "taken": 0, "time": 0, "deaths": 0, "kos": 0, "assists": 0, "matches": [], "mvps": 0, "svps": 0}, "SpiderMan": {"name": null, "damage": 0, "heals": 0, "taken": 0, "time": 350.44064551591873, "deaths": 4, "kos": 4, "assists": 1, "matches": ["5513500_1745036233_1240239_11001_12", "5518454_1744940136_1217263_11001_11"], "mvps": 0, "svps": 0}, "ScarletWitch": {"name": null, "damage": 0, "heals": 0, "taken": 0, "time": 0, "deaths": 0, "kos": 0, "assists": 0, "matches": [], "mvps": 0, "svps": 0}, "Psylocke": {"name": null, "damage": 0, "heals": 0, "taken": 0, "time": 0, "deaths": 0, "kos": 0, "assists": 0, "matches": [], "mvps": 0, "svps": 0}, "Namor": {"name": null, "damage": 0, "heals": 0, "taken": 0, "time": 1040.5250178538263, "deaths": 8, "kos": 36, "assists": 2, "matches": ["5513410_1744946306_1034160_11001_12", "5514919_1744950220_1170413_11001_12", "5515096_1745042575_1101676_11001_12", "5515182_1745033066_1032492_11001_12"], "mvps": 0, "svps": 0}, "MoonKnight": {"name": null, "damage": 17970.266045093536, "heals": 3099.222073674202, "taken": 0, "time": 1935.4213656671345, "deaths": 18, "kos": 86, "assists": 4, "matches": ["5513286_1744860599_1217111_11001_12", "5513410_1744946306_1034160_11001_12", "5513500_1745036233_1240239_11001_12", "5514635_1745039413_1287407_11001_12", "5514788_1744861908_1201393_11001_12", "5514919_1744950220_1170413_11001_12", "5515182_1745033066_1032492_11001_12", "5515239_1744948721_1240300_11001_12", "5518454_1744940136_1217263_11001_11"], "mvps": 0, "svps": 0}, "MisterFantastic": {"name": null, "damage": 0, "heals": 0, "taken": 0, "time": 0, "deaths": 0, "kos": 0, "assists": 0, "matches": [], "mvps": 0, "svps": 0}, "Magik": {"name": null, "damage": 0, "heals": 0, "taken": 0, "time": 0, "deaths": 0, "kos": 0, "assists": 0, "matches": [], "mvps": 0, "svps": 0}, "IronMan": {"name": null, "damage": 228879.90792036057, "heals": 67901.10027098656, "taken": 0, "time": 9965.723848506808, "deaths": 95, "kos": 399, "assists": 0, "matches": ["5513410_1744946306_1034160_11001_12", "5513474_1745030995_1287109_11001_12", "5513971_1744948092_1235398_11001_12", "5514226_1745041659_1170184_11001_12", "5514375_1745030343_1148601_11001_12", "5514490_1745033738_1309425_11001_12", "5514792_1745035422_1034709_11001_12", "5514910_1745029560_1240452_11001_12", "5514919_1744950220_1170413_11001_12", "5515153_1744945801_1032255_11001_12", "5515182_1745033066_1032492_11001_12", "5515239_1744948721_1240300_11001_12", "5517322_1745037745_1101353_11001_11", "5517366_1744953671_1032684_11001_11", "5517856_1745032004_1201548_11001_11", "5518010_1744945205_1217434_11001_11", "5518138_1744951038_1217161_11001_11", "5518309_1744949529_1101645_11001_11", "5518398_1744861098_1309321_11001_11", "5518834_1745034748_1235169_11001_11", "5519090_1745040850_1309107_11001_11"], "mvps": 0, "svps": 0}, "IronFist": {"name": null, "damage": 0, "heals": 0, "taken": 0, "time": 0, "deaths": 0, "kos": 0, "assists": 0, "matches": [], "mvps": 0, "svps": 0}, "HumanTorch": {"name": null, "damage": 0, "heals": 0, "taken": 0, "time": 56.69316042214632, "deaths": 2, "kos": 0, "assists": 0, "matches": ["5518203_1744860178_1240343_11001_11"], "mvps": 0, "svps": 0}, "Hela": {"name": null, "damage": 0, "heals": 0, "taken": 0, "time": 0, "deaths": 0, "kos": 0, "assists": 0, "matches": [], "mvps": 0, "svps": 0}, "Hawkeye": {"name": null, "damage": 0, "heals": 0, "taken": 0, "time": 221.1809855736792, "deaths": 5, "kos": 2, "assists": 3, "matches": ["5514788_1744861908_1201393_11001_12", "5518454_1744940136_1217263_11001_11"], "mvps": 0, "svps": 0}, "BlackWidow": {"name": null, "damage": 0, "heals": 0, "taken": 0, "time": 0, "deaths": 0, "kos": 0, "assists": 0, "matches": [], "mvps": 0, "svps": 0}, "BlackPanther": {"name": null, "damage": 6942.616885185242, "heals": 2279.1367893218994, "taken": 0, "time": 300.00359064154327, "deaths": 1,